Species,p_obs,p_true,Observed,Mutation
Acinetobacter baylyi,0.59976,0.8110710421925711,0,rpoB_G522D
Acinetobacter baylyi,0.5984,0.7996456879304816,0,rpoB_S522L
Acinetobacter baylyi,0.50768,0.753204620984333,0,rpoB_H526C
Acinetobacter baylyi,0.57184,0.7296043352386609,0,rpoB_H526D
Acinetobacter baylyi,0.58392,0.7280616443480212,0,rpoB_S531Y
Acinetobacter baylyi,0.54024,0.7220143269539185,0,rpoB_Q148R
Acinetobacter baylyi,0.5416,0.690839824483826,0,rpoB_I572L
Acinetobacter baylyi,0.48864,0.6828586601078845,0,rpoB_S531W
Acinetobacter baylyi,0.51176,0.6713191310735649,0,rpoB_D516E
Acinetobacter baylyi,0.54216,0.6708112841207599,0,rpoB_D516V
Bacillus anthracis,0.51824,0.7165612141055706,0,rpoB_L533S
Bacillus anthracis,0.52312,0.7074287774972954,0,rpoB_G522D
Bacillus anthracis,0.4848,0.6774923838005534,0,rpoB_S531W
Bacillus anthracis,0.4948,0.6145231572821598,0,rpoB_S531L
Bacillus anthracis,0.41264,0.6122012976736826,0,rpoB_H526C
Bacillus anthracis,0.45328,0.6068785278964901,0,rpoB_H526P
Bacillus anthracis,0.42576,0.5690152892120176,0,rpoB_Q148R
Bacillus anthracis,0.40271999999999997,0.549333430333012,0,rpoB_V146F
Bacillus anthracis,0.39912,0.5333465691290338,0,rpoB_S522L
Bacillus anthracis,0.38048,0.5176316935132782,0,rpoB_S522F
Bacillus cereus,0.46672,0.6453254280784037,0,rpoB_L533S
Bacillus cereus,0.474,0.6410025243418679,0,rpoB_G522D
Bacillus cereus,0.42072,0.6241889539484096,0,rpoB_H526C
Bacillus cereus,0.4388,0.6132088655356495,0,rpoB_S531W
Bacillus cereus,0.3872,0.5174810221319363,0,rpoB_Q148R
Bacillus cereus,0.3888,0.48287510822818047,0,rpoB_S531L
Bacillus cereus,0.37632,0.4680752263756675,0,rpoB_H526Y
Bacillus cereus,0.32888,0.4474314323030039,0,rpoB_S522F
Bacillus cereus,0.32576,0.4353151392049359,0,rpoB_S522L
Bacillus cereus,0.3668,0.4299335994045631,0,rpoB_D516G
Bacillus subtilis,0.6224000000000001,0.8416877028489002,0,rpoB_G522D
Bacillus subtilis,0.56496,0.7895134017160905,0,rpoB_S531W
Bacillus subtilis,0.45608,0.6766497863586011,0,rpoB_H526C
Bacillus subtilis,0.48128,0.6218225579008764,0,rpoB_D516Y
Bacillus subtilis,0.42848,0.5880931989371281,0,rpoB_R529S
Bacillus subtilis,0.42584,0.5793426208097519,0,rpoB_S522F
Bacillus subtilis,0.46312,0.57301557086839,0,rpoB_D516V
Bacillus subtilis,0.43248,0.5716602044413113,0,rpoB_S531C
Bacillus subtilis,0.41656,0.5553185589659364,0,rpoB_S574Y
Bacillus subtilis,0.42312,0.5453788311441081,0,rpoB_R529H
Bacillus velezensis,0.5272,0.7289500464581213,0,rpoB_L533S
Bacillus velezensis,0.52968,0.7163000360620267,0,rpoB_G522D
Bacillus velezensis,0.476,0.6372974304596039,0,rpoB_H526P
Bacillus velezensis,0.45104,0.6303138712652674,0,rpoB_S531W
Bacillus velezensis,0.40528,0.5528254187658003,0,rpoB_V146F
Bacillus velezensis,0.38816,0.5280801044841097,0,rpoB_S522F
Bacillus velezensis,0.348,0.4650914145194055,0,rpoB_Q148R
Bacillus velezensis,0.33576,0.43277650866171713,0,rpoB_R529H
Bacillus velezensis,0.33728,0.4205381411934864,0,rpoB_S531Y
Bacillus velezensis,0.31568,0.4078643306976161,0,rpoB_D516Y
Brucella abortus,0.44208,0.5978362783988459,0,rpoB_G522D
Brucella abortus,0.39808,0.5504181230918986,0,rpoB_L533S
Brucella abortus,0.36352,0.5393258426966292,0,rpoB_H526C
Brucella abortus,0.37888,0.5294725956566702,0,rpoB_S531W
Brucella abortus,0.37272,0.5084116908862739,0,rpoB_V146F
Brucella abortus,0.34368,0.471704328348376,0,rpoB_R529S
Brucella abortus,0.32912,0.44775794514584244,0,rpoB_S522F
Brucella abortus,0.28168,0.349836060920046,0,rpoB_S531L
Brucella abortus,0.22528,0.3010798674222175,0,rpoB_Q148R
Brucella abortus,0.21168,0.2798026083891435,0,rpoB_S531C
Brucella melitensis,0.56296,0.7613054453660295,0,rpoB_G522D
Brucella melitensis,0.4708,0.6984886849184998,0,rpoB_H526C
Brucella melitensis,0.49,0.6775142692801204,0,rpoB_L533S
Brucella melitensis,0.44480000000000003,0.5955249938412434,0,rpoB_H526P
Brucella melitensis,0.34776,0.4859833980826742,0,rpoB_S531W
Brucella melitensis,0.3388,0.4322711751169178,0,rpoB_H526D
Brucella melitensis,0.32767999999999997,0.4179734004557978,0,rpoB_I572L
Brucella melitensis,0.32072,0.41339076083507836,0,rpoB_R529H
Brucella melitensis,0.30920000000000003,0.41323639473965573,0,rpoB_Q148R
Brucella melitensis,0.30688,0.41008567632370685,0,rpoB_S522L
Brucella suis,0.43656,0.6036237334631211,0,rpoB_L533S
Brucella suis,0.44016,0.5952398124774612,0,rpoB_G522D
Brucella suis,0.37144,0.5510761196391835,0,rpoB_H526C
Brucella suis,0.38344,0.5358450487716259,0,rpoB_S531W
Brucella suis,0.36728,0.4561480703447689,0,rpoB_S531L
Brucella suis,0.31896,0.43393556813234657,0,rpoB_S522F
Brucella suis,0.30328,0.3918433040229758,0,rpoB_D516Y
Brucella suis,0.24928,0.33315513738907304,0,rpoB_Q148R
Brucella suis,0.22712000000000002,0.30408191681929675,0,rpoB_H526P
Brucella suis,0.20296,0.2682763482551992,0,rpoB_S531C
Burkholderia vietnamiensis,0.5041599999999999,0.6970930489801336,0,rpoB_L533S
Burkholderia vietnamiensis,0.46776,0.6325640100973674,0,rpoB_G522D
Burkholderia vietnamiensis,0.41952,0.6224086089571135,0,rpoB_H526C
Burkholderia vietnamiensis,0.40032,0.5594343050392688,0,rpoB_S531W
Burkholderia vietnamiensis,0.38456,0.5139527424355822,0,rpoB_Q148R
Burkholderia vietnamiensis,0.41024,0.4973846292408843,0,rpoB_H526L
Burkholderia vietnamiensis,0.36784,0.4915469081690313,0,rpoB_S522L
Burkholderia vietnamiensis,0.394,0.48933331440818706,0,rpoB_S531L
Burkholderia vietnamiensis,0.3896,0.4857734221091743,0,rpoB_S531Y
Burkholderia vietnamiensis,0.35168,0.47845015237266,0,rpoB_S522F
Chlamydia trachomatis,0.53696,0.7261449693472772,0,rpoB_G522D
Chlamydia trachomatis,0.50696,0.70096455909030575,0,rpoB_L533S
Chlamydia trachomatis,0.482,0.6453305913477502,0,rpoB_H526P
Chlamydia trachomatis,0.43288,0.6422297831935433,0,rpoB_H526C
Chlamydia trachomatis,0.45136,0.6307610609575449,0,rpoB_S531W
Chlamydia trachomatis,0.43216,0.5894912973100777,0,rpoB_V146F
Chlamydia trachomatis,0.4572,0.5833364263974463,0,rpoB_H526D
Chlamydia trachomatis,0.48704000000000003,0.5799160390003606,0,rpoB_D516N
Chlamydia trachomatis,0.46184000000000003,0.571431834621388,0,rpoB_D516V
Chlamydia trachomatis,0.40288,0.5284919718753279,0,rpoB_D516E
Chlamydophila pneumoniae,0.38168,0.5662683968982434,0,rpoB_H526C
Chlamydophila pneumoniae,0.40752,0.5510998918139199,0,rpoB_G522D
Chlamydophila pneumoniae,0.34832,0.48676598004416,0,rpoB_S531W
Chlamydophila pneumoniae,0.34416,0.4607821085440699,0,rpoB_H526P
Chlamydophila pneumoniae,0.3032,0.4052175772479419,0,rpoB_Q148R
Chlamydophila pneumoniae,0.28392,0.3862646930779277,0,rpoB_S522F
Chlamydophila pneumoniae,0.27504,0.37517050724769474,0,rpoB_V146F
Chlamydophila pneumoniae,0.2784,0.3457624231757342,0,rpoB_S531L
Chlamydophila pneumoniae,0.24816,0.3103179208099078,0,rpoB_D516A
Chlamydophila pneumoniae,0.21272,0.2919603838636713,0,rpoB_R529S
Cutibacterium acnes,0.46368,0.6270465200144247,0,rpoB_G522D
Cutibacterium acnes,0.41816,0.6203908846336446,0,rpoB_H526C
Cutibacterium acnes,0.3912,0.5466893988093574,0,rpoB_S531W
Cutibacterium acnes,0.37984,0.5181237837149665,0,rpoB_V146F
Cutibacterium acnes,0.36328,0.486381114574296,0,rpoB_H526P
Cutibacterium acnes,0.33904,0.46533588071238774,0,rpoB_R529S
Cutibacterium acnes,0.30952,0.42109272964736616,0,rpoB_S522F
Cutibacterium acnes,0.26288,0.3513311237036245,0,rpoB_Q148R
Cutibacterium acnes,0.25288,0.3226467968228045,0,rpoB_H526D
Cutibacterium acnes,0.20712,0.2761128767357038,0,rpoB_S574Y
Deinococcus radiodurans,0.7868,0.8927562835357244,0,rpoB_S512P
Deinococcus radiodurans,0.75296,0.8612737920937041,0,rpoB_S512F
Deinococcus radiodurans,0.62488,0.8350310786664427,0,rpoB_S522L
Deinococcus radiodurans,0.62168,0.830856409708115,0,rpoB_Q148R
Deinococcus radiodurans,0.60336,0.8208532868959513,0,rpoB_S522F
Deinococcus radiodurans,0.63528,0.8188416143156291,0,rpoB_R529H
Deinococcus radiodurans,0.59424,0.7795151642354916,0,rpoB_D516E
Deinococcus radiodurans,0.61728,0.7713493114737712,0,rpoB_R529C
Deinococcus radiodurans,0.65688,0.7611093602269147,0,rpoB_Q513P
Deinococcus radiodurans,0.55144,0.7568570612908185,0,rpoB_R529S
Enterococcus faecalis,0.57768,0.8072891919841247,0,rpoB_S531W
Enterococcus faecalis,0.57512,0.7952081766293526,0,rpoB_L533S
Enterococcus faecalis,0.44816,0.6648995094160468,0,rpoB_H526C
Enterococcus faecalis,0.4864,0.6634778022297801,0,rpoB_V146F
Enterococcus faecalis,0.43128,0.5867435785807574,0,rpoB_S522F
Enterococcus faecalis,0.39056,0.5162495593937259,0,rpoB_S531C
Enterococcus faecalis,0.36776,0.4915000534587832,0,rpoB_Q148R
Enterococcus faecalis,0.41264,0.47441310441485635,0,rpoB_Q513R
Enterococcus faecalis,0.34704,0.46375173719818574,0,rpoB_S522L
Enterococcus faecalis,0.37352,0.4621540335782541,0,rpoB_D516V
Enterococcus faecium,0.59048,0.8251767796752285,0,rpoB_S531W
Enterococcus faecium,0.5724,0.791447281093757,0,rpoB_L533S
Enterococcus faecium,0.47208,0.7003877195758823,0,rpoB_H526C
Enterococcus faecium,0.504,0.6735806693039667,0,rpoB_Q148R
Enterococcus faecium,0.49464,0.6609905465874556,0,rpoB_S522L
Enterococcus faecium,0.5212,0.6498591057579611,0,rpoB_S531Y
Enterococcus faecium,0.47096,0.640727035263387,0,rpoB_S522F
Enterococcus faecium,0.47368,0.6261191399365528,0,rpoB_S531C
Enterococcus faecium,0.45608,0.6259744822891274,0,rpoB_R529S
Enterococcus faecium,0.45152000000000003,0.6019239383145277,0,rpoB_S574Y
Escherichia coli,0.88168,1,0,rpoB_L511P
Escherichia coli,0.75176,0.9400572217442629,0,rpoB_D516A
Escherichia coli,0.77024,0.9112616449654539,0,rpoB_S574F
Escherichia coli,0.67888,0.9073024697957874,0,rpoB_Q148R
Escherichia coli,0.70352,0.8931182970425741,0,rpoB_I572M
Escherichia coli,0.67128,0.880575086577815,0,rpoB_D516E
Escherichia coli,0.71432,0.8770545478357671,0,rpoB_L533H
Escherichia coli,0.65752,0.8691223123017272,0,rpoB_S531C
Escherichia coli,0.73848,0.860558883165917,0,rpoB_I572S
Escherichia coli,0.6892,0.8596374521869284,0,rpoB_N518D
Helicobacter pylori,0.49424,0.7332647570818168,0,rpoB_H526C
Helicobacter pylori,0.5244,0.7250785363479492,0,rpoB_L533S
Helicobacter pylori,0.53096,0.7180310133429498,0,rpoB_G522D
Helicobacter pylori,0.54944,0.7010244228342365,0,rpoB_H526D
Helicobacter pylori,0.51064,0.6836755459871683,0,rpoB_H526P
Helicobacter pylori,0.47224,0.6599401883786579,0,rpoB_S531W
Helicobacter pylori,0.42016,0.5731226015313824,0,rpoB_V146F
Helicobacter pylori,0.41768,0.5682411841532433,0,rpoB_S522F
Helicobacter pylori,0.40456,0.5406160753829472,0,rpoB_S522L
Helicobacter pylori,0.37968,0.5018681706027495,0,rpoB_S531C
Lactiplantibacillus plantarum,0.49312,0.6668589974756581,0,rpoB_G522D
Lactiplantibacillus plantarum,0.44352,0.6580155087830354,0,rpoB_H526C
Lactiplantibacillus plantarum,0.45688,0.631719835405513,0,rpoB_L533S
Lactiplantibacillus plantarum,0.49192,0.6109463046286178,0,rpoB_S531L
Lactiplantibacillus plantarum,0.43376,0.5901175446234218,0,rpoB_S522F
Lactiplantibacillus plantarum,0.40368,0.5641297968081835,0,rpoB_S531W
Lactiplantibacillus plantarum,0.38216,0.5212883982321809,0,rpoB_V146F
Lactiplantibacillus plantarum,0.36384,0.48713087625718965,0,rpoB_H526P
Lactiplantibacillus plantarum,0.3744,0.45969484644096653,0,rpoB_L533H
Lactiplantibacillus plantarum,0.33288,0.44488399444028653,0,rpoB_Q148R
Legionella bozemanii,0.3736,0.5542807406235164,0,rpoB_H526C
Legionella bozemanii,0.40192,0.543526866209881,0,rpoB_G522D
Legionella bozemanii,0.38344,0.5301756559444273,0,rpoB_L533S
Legionella bozemanii,0.33464,0.46764862069929286,0,rpoB_S531W
Legionella bozemanii,0.27248,0.3707009142359599,0,rpoB_S522F
Legionella bozemanii,0.2584,0.3524725824345707,0,rpoB_V146F
Legionella bozemanii,0.22424,0.30777170213233196,0,rpoB_R529S
Legionella bozemanii,0.22896,0.305998075483802,0,rpoB_Q148R
Legionella bozemanii,0.19544,0.2611677026222148,0,rpoB_S522L
Legionella bozemanii,0.19464,0.25811584977721197,0,rpoB_Q513L
Legionella longbeachae,0.434,0.5869094843130184,0,rpoB_G522D
Legionella longbeachae,0.41416,0.5726516525817441,0,rpoB_L533S
Legionella longbeachae,0.36064,0.5350530147175186,0,rpoB_H526C
Legionella longbeachae,0.3684,0.514827133234579,0,rpoB_S531W
Legionella longbeachae,0.30576,0.4170743684411545,0,rpoB_V146F
Legionella longbeachae,0.30392,0.4134740966478015,0,rpoB_S522F
Legionella longbeachae,0.29208,0.3903560354966321,0,rpoB_Q148R
Legionella longbeachae,0.26224000000000003,0.35110268521791294,0,rpoB_H526P
Legionella longbeachae,0.26272,0.35107439026252696,0,rpoB_S522L
Legionella longbeachae,0.2476,0.3398335419548938,0,rpoB_R529S
Legionella micdadei,0.404,0.5463397042913811,0,rpoB_G522D
Legionella micdadei,0.36736,0.5450229466687767,0,rpoB_H526C
Legionella micdadei,0.38224,0.5285164373257821,0,rpoB_L533S
Legionella micdadei,0.33152,0.4632885211995863,0,rpoB_S531W
Legionella micdadei,0.2704,0.36787113626469303,0,rpoB_S522F
Legionella micdadei,0.2584,0.3524725824345707,0,rpoB_V146F
Legionella micdadei,0.22544,0.3094187144519841,0,rpoB_R529S
Legionella micdadei,0.22688,0.30321821875334115,0,rpoB_Q148R
Legionella micdadei,0.19528,0.26095389361474675,0,rpoB_S522L
Legionella micdadei,0.1948,0.25832802885635475,0,rpoB_Q513L
Legionella pneumophila,0.43752,0.5916696718355572,0,rpoB_G522D
Legionella pneumophila,0.3916,0.5809859154929577,0,rpoB_H526C
Legionella pneumophila,0.39848,0.5509711959647803,0,rpoB_L533S
Legionella pneumophila,0.34352,0.4800581346599961,0,rpoB_S531W
Legionella pneumophila,0.30688,0.3817042024611098,0,rpoB_H526Y
Legionella pneumophila,0.27608,0.376589127548515,0,rpoB_V146F
Legionella pneumophila,0.2668,0.35652651995296203,0,rpoB_S522L
Legionella pneumophila,0.25328,0.3385010157168823,0,rpoB_Q148R
Legionella pneumophila,0.24256,0.3247539175047931,0,rpoB_H526P
Legionella pneumophila,0.23208,0.318532182620726,0,rpoB_R529S
Listeria monocytogenes,0.42768,0.6345149548979269,0,rpoB_H526C
Listeria monocytogenes,0.43296,0.5986460776071856,0,rpoB_L533S
Listeria monocytogenes,0.40232,0.5487878071403889,0,rpoB_V146F
Listeria monocytogenes,0.386,0.52978896282144194,0,rpoB_R529S
Listeria monocytogenes,0.41048,0.5098008601479,0,rpoB_S531L
Listeria monocytogenes,0.35104,0.49056709242851954,0,rpoB_S531W
Listeria monocytogenes,0.31728,0.42398326180912965,0,rpoB_S522L
Listeria monocytogenes,0.31088,0.4162248428178186,0,rpoB_H526P
Listeria monocytogenes,0.29928,0.38575575861412525,0,rpoB_R529H
Listeria monocytogenes,0.28152,0.3829995646495429,0,rpoB_S522F
Mycobacterium avium,0.36576,0.5426491533470486,0,rpoB_H526C
Mycobacterium avium,0.39896,0.539523981247746,0,rpoB_G522D
Mycobacterium avium,0.37496,0.5184505110393346,0,rpoB_L533S
Mycobacterium avium,0.32768,0.45792224489225525,0,rpoB_S531W
Mycobacterium avium,0.26136,0.3555724858511101,0,rpoB_S522F
Mycobacterium avium,0.25872,0.35290908098866924,0,rpoB_V146F
Mycobacterium avium,0.2192,0.3008542503897929,0,rpoB_R529S
Mycobacterium avium,0.22504,0.3007591147225489,0,rpoB_Q148R
Mycobacterium avium,0.19128,0.25560866842804564,0,rpoB_S522L
Mycobacterium avium,0.192,0.25461489497135587,0,rpoB_Q513L
Mycobacterium tuberculosis,0.61928,0.8374684457266498,0,rpoB_G522D
Mycobacterium tuberculosis,0.49264,0.7308909637600887,0,rpoB_H526C
Mycobacterium tuberculosis,0.5164,0.7140170788903145,0,rpoB_L533S
Mycobacterium tuberculosis,0.4372,0.5963661495371296,0,rpoB_V146F
Mycobacterium tuberculosis,0.41272,0.5614932520679147,0,rpoB_S522F
Mycobacterium tuberculosis,0.38576,0.49722380861729804,0,rpoB_R529H
Mycobacterium tuberculosis,0.3708,0.4955629209879183,0,rpoB_Q148R
Mycobacterium tuberculosis,0.32584,0.4343791992833223,0,rpoB_S574Y
Mycobacterium tuberculosis,0.30496,0.41856073083426665,0,rpoB_R529S
Mycobacterium tuberculosis,0.31928,0.4072587502976292,0,rpoB_I572L
Mycolicibacterium smegmatis,0.54784,0.7574886066988187,0,rpoB_L533S
Mycolicibacterium smegmatis,0.51968,0.7027767760548143,0,rpoB_G522D
Mycolicibacterium smegmatis,0.45232,0.67107137205254,0,rpoB_H526C
Mycolicibacterium smegmatis,0.3788,0.5167051634141462,0,rpoB_V146F
Mycolicibacterium smegmatis,0.34632,0.47115803221593383,0,rpoB_S522F
Mycolicibacterium smegmatis,0.29824,0.39421924568205857,0,rpoB_S531C
Mycolicibacterium smegmatis,0.29176,0.38992836523040736,0,rpoB_Q148R
Mycolicibacterium smegmatis,0.2836,0.38924391154445837,0,rpoB_R529S
Mycolicibacterium smegmatis,0.25432,0.33984941737045465,0,rpoB_S522L
Mycolicibacterium smegmatis,0.26512,0.33826367752950787,0,rpoB_H526D
Neisseria meningitidis,0.45416,0.6141723764875586,0,rpoB_G522D
Neisseria meningitidis,0.43016,0.6011347438441543,0,rpoB_S531W
Neisseria meningitidis,0.41992,0.5806159019512411,0,rpoB_L533S
Neisseria meningitidis,0.3748,0.5560610856148125,0,rpoB_H526C
Neisseria meningitidis,0.33456,0.4563592383100231,0,rpoB_V146F
Neisseria meningitidis,0.35952,0.44651043958383607,0,rpoB_S531L
Neisseria meningitidis,0.27488,0.3772756220216527,0,rpoB_R529S
Neisseria meningitidis,0.28992,0.37369122406244054,0,rpoB_R529H
Neisseria meningitidis,0.26624000000000003,0.3558216614989843,0,rpoB_Q148R
Neisseria meningitidis,0.2372,0.3135354247444484,0,rpoB_S531C
Paenibacillus agaridevorans,0.3736,0.5542807406235164,0,rpoB_H526C
Paenibacillus agaridevorans,0.40512,0.5478543094121889,0,rpoB_G522D
Paenibacillus agaridevorans,0.37272,0.5153533029511969,0,rpoB_L533S
Paenibacillus agaridevorans,0.33504,0.4682076078146399,0,rpoB_S531W
Paenibacillus agaridevorans,0.26592,0.3617762298650413,0,rpoB_S522F
Paenibacillus agaridevorans,0.25832,0.35236345779604605,0,rpoB_V146F
Paenibacillus agaridevorans,0.22896,0.305998075483802,0,rpoB_Q148R
Paenibacillus agaridevorans,0.22224,0.30502668159957835,0,rpoB_R529S
Paenibacillus agaridevorans,0.19696,0.2631988881931612,0,rpoB_S522L
Paenibacillus agaridevorans,0.19104,0.25334182049649906,0,rpoB_Q513L
Pseudomonas aeruginosa,0.75096,1,0,rpoB_S522L
Pseudomonas aeruginosa,0.72704,0.9229769255768606,0,rpoB_I572M
Pseudomonas aeruginosa,0.7608,0.8815186963534233,0,rpoB_Q513P
Pseudomonas aeruginosa,0.75848,0.8800238679307831,0,rpoB_I572F
Pseudomonas aeruginosa,0.69424,0.8656143238323233,0,rpoB_S531Y
Pseudomonas aeruginosa,0.67224,0.810917746968186,0,rpoB_G534D
Pseudomonas aeruginosa,0.63632,0.7951415789868294,0,rpoB_R529C
Pseudomonas aeruginosa,0.64592,0.793071835505206,0,rpoB_L533H
Pseudomonas aeruginosa,0.5996,0.7925625660909412,0,rpoB_S531C
Pseudomonas aeruginosa,0.55024,0.7552100489711662,0,rpoB_R529S
Pseudomonas fluorescens,0.55744,0.7450016037634984,0,rpoB_Q148R
Pseudomonas fluorescens,0.59448,0.743382485344431,0,rpoB_D516A
Pseudomonas fluorescens,0.54568,0.7050285351465888,0,rpoB_D516Y
Pseudomonas fluorescens,0.60912,0.7003069706480874,0,rpoB_L511P
Pseudomonas fluorescens,0.54504,0.6798270414102777,0,rpoB_N518D
Pseudomonas fluorescens,0.56512,0.6728854959754512,0,rpoB_D516N
Pseudomonas fluorescens,0.45024,0.6679854407342933,0,rpoB_H526C
Pseudomonas fluorescens,0.55704,0.645427411431008,0,rpoB_Q513P
Pseudomonas fluorescens,0.52024,0.6387597406849584,0,rpoB_L533H
Pseudomonas fluorescens,0.48896,0.6302430357256171,0,rpoB_R529H
Pseudomonas fulva,0.72968,0.846608764834582,0,rpoB_I572F
Pseudomonas fulva,0.70872,0.8211749874863278,0,rpoB_Q513P
Pseudomonas fulva,0.62128,0.8149858327211671,0,rpoB_D516E
Pseudomonas fulva,0.60856,0.8133219287929007,0,rpoB_Q148R
Pseudomonas fulva,0.64464,0.8037704795391636,0,rpoB_S531Y
Pseudomonas fulva,0.626,0.7827974630359537,0,rpoB_D516A
Pseudomonas fulva,0.62696,0.7697924169995416,0,rpoB_L533H
Pseudomonas fulva,0.61024,0.7446552341284046,0,rpoB_H526Q
Pseudomonas fulva,0.59424,0.7411940794944287,0,rpoB_N518D
Pseudomonas fulva,0.53592,0.7291031780583369,0,rpoB_S522F
Pseudomonas mendocina,0.7136,0.8096986323476016,0,rpoB_S512P
Pseudomonas mendocina,0.62112,0.7348395732770859,0,rpoB_S574F
Pseudomonas mendocina,0.51536,0.7125790894208222,0,rpoB_L533S
Pseudomonas mendocina,0.47976,0.7117819275201773,0,rpoB_H526C
Pseudomonas mendocina,0.56528,0.7048203286701079,0,rpoB_S531Y
Pseudomonas mendocina,0.55928,0.6993657589884156,0,rpoB_D516A
Pseudomonas mendocina,0.53248,0.6984993178717598,0,rpoB_D516E
Pseudomonas mendocina,0.59936,0.6984408138532174,0,rpoB_I572S
Pseudomonas mendocina,0.52296,0.675673879820151,0,rpoB_D516Y
Pseudomonas mendocina,0.47288,0.6394879192210602,0,rpoB_G522D
Pseudomonas protegens,0.5728,0.7654362467355946,0,rpoB_S522L
Pseudomonas protegens,0.48496,0.6597736177622986,0,rpoB_S522F
Pseudomonas protegens,0.51904,0.6292963093827725,0,rpoB_H526L
Pseudomonas protegens,0.45416,0.6279589398699172,0,rpoB_L533S
Pseudomonas protegens,0.41808,0.6202721949675581,0,rpoB_H526C
Pseudomonas protegens,0.44528,0.5951031754517268,0,rpoB_Q148R
Pseudomonas protegens,0.47528,0.5943258438206519,0,rpoB_D516A
Pseudomonas protegens,0.50544,0.5889948027128441,0,rpoB_I572S
Pseudomonas protegens,0.4556,0.5872437971952535,0,rpoB_R529H
Pseudomonas protegens,0.50144,0.576506972947493,0,rpoB_L511P
Pseudomonas putida,0.672,0.8979978313657815,0,rpoB_S522L
Pseudomonas putida,0.72768,0.8934581887237246,0,rpoB_L533H
Pseudomonas putida,0.62744,0.8385544745001604,0,rpoB_Q148R
Pseudomonas putida,0.66408,0.8283053384333944,0,rpoB_N518D
Pseudomonas putida,0.70728,0.8206192402042035,0,rpoB_I572F
Pseudomonas putida,0.64328,0.8205381135412769,0,rpoB_I572L
Pseudomonas putida,0.62464,0.8051272288850815,0,rpoB_R529H
Pseudomonas putida,0.66664,0.7768429393805206,0,rpoB_I572S
Pseudomonas putida,0.61656,0.7523673163906154,0,rpoB_H526Q
Pseudomonas putida,0.5576,0.7433398033402299,0,rpoB_S574Y
Pseudomonas stutzeri,0.41136,0.568780142471572,0,rpoB_L533S
Pseudomonas stutzeri,0.3624,0.5376641873714195,0,rpoB_H526C
Pseudomonas stutzeri,0.39608,0.5356292823656689,0,rpoB_G522D
Pseudomonas stutzeri,0.33784,0.4721205176220688,0,rpoB_S531W
Pseudomonas stutzeri,0.2712,0.36895951240748803,0,rpoB_S522F
Pseudomonas stutzeri,0.256,0.34919884327883166,0,rpoB_V146F
Pseudomonas stutzeri,0.22984,0.315457759624042,0,rpoB_R529S
Pseudomonas stutzeri,0.22424,0.29968993905698704,0,rpoB_Q148R
Pseudomonas stutzeri,0.19656,0.2626643656744911,0,rpoB_S522L
Pseudomonas stutzeri,0.17584,0.2324286217835742,0,rpoB_S531C
Rhodothermus marinus,0.40256000000000003,0.5443923548503425,0,rpoB_G522D
Rhodothermus marinus,0.36384,0.5398006013609749,0,rpoB_H526C
Rhodothermus marinus,0.38168,0.5277421353037477,0,rpoB_L533S
Rhodothermus marinus,0.31824,0.4447301489700663,0,rpoB_S531W
Rhodothermus marinus,0.28288,0.3848498040922943,0,rpoB_S522F
Rhodothermus marinus,0.26648,0.3634941709255588,0,rpoB_V146F
Rhodothermus marinus,0.22816,0.313151942376529,0,rpoB_R529S
Rhodothermus marinus,0.228,0.30471506468512777,0,rpoB_Q148R
Rhodothermus marinus,0.2052,0.2742100520777654,0,rpoB_S522L
Rhodothermus marinus,0.17224,0.2276700740218541,0,rpoB_S531C
Riemerella anatipestifer,0.54464,0.7611168562564633,0,rpoB_S531W
Riemerella anatipestifer,0.51224,0.7599699319512582,0,rpoB_H526C
Riemerella anatipestifer,0.55768,0.7541651640822213,0,rpoB_G522D
Riemerella anatipestifer,0.5121600000000001,0.7081545064377683,0,rpoB_L533S
Riemerella anatipestifer,0.50872,0.6811049345029615,0,rpoB_H526P
Riemerella anatipestifer,0.48568,0.6624956804830584,0,rpoB_V146F
Riemerella anatipestifer,0.51352,0.6618995494637984,0,rpoB_R529H
Riemerella anatipestifer,0.41696,0.5571862734617206,0,rpoB_S522L
Riemerella anatipestifer,0.4208,0.5562213605921749,0,rpoB_S531C
Riemerella anatipestifer,0.43648,0.5442258297798059,0,rpoB_S531Y
Salmonella enterica,0.73416,0.9811825082861114,0,rpoB_Q148R
Salmonella enterica,0.7612,0.9709513929045206,0,rpoB_I572L
Salmonella enterica,0.6984,0.9161506978696611,0,rpoB_D516E
Salmonella enterica,0.63464,0.8480734281219934,0,rpoB_S522L
Salmonella enterica,0.51488,0.711915401973364,0,rpoB_L533S
Salmonella enterica,0.50664,0.6851424450054092,0,rpoB_G522D
Salmonella typhimurium,0.3736,0.5542807406235164,0,rpoB_H526C
Salmonella typhimurium,0.40512,0.5478543094121889,0,rpoB_G522D
Salmonella typhimurium,0.38048,0.5260829166851024,0,rpoB_L533S
Salmonella typhimurium,0.32984,0.460940775315129,0,rpoB_S531W
Salmonella typhimurium,0.2756,0.37494558119286026,0,rpoB_S522F
Salmonella typhimurium,0.26856,0.36633141152719934,0,rpoB_V146F
Salmonella typhimurium,0.23224,0.31875178426334627,0,rpoB_R529S
Salmonella typhimurium,0.22896,0.305998075483802,0,rpoB_Q148R
Salmonella typhimurium,0.20672000000000001,0.27624123764871183,0,rpoB_S522L
Salmonella typhimurium,0.17728,0.23433204088826226,0,rpoB_S531C
Shewanella decolorationis,0.40744,0.5633600283173311,0,rpoB_L533S
Shewanella decolorationis,0.40384,0.5461233321312657,0,rpoB_G522D
Shewanella decolorationis,0.36632,0.5434799810096534,0,rpoB_H526C
Shewanella decolorationis,0.33688,0.47077894854523605,0,rpoB_S531W
Shewanella decolorationis,0.26295999999999997,0.3577492381367,0,rpoB_S522F
Shewanella decolorationis,0.24728,0.33730425767964645,0,rpoB_V146F
Shewanella decolorationis,0.2248,0.30854030788150294,0,rpoB_R529S
Shewanella decolorationis,0.22848,0.3053565700844649,0,rpoB_Q148R
Shewanella decolorationis,0.1964,0.262450556667023,0,rpoB_S522L
Shewanella decolorationis,0.17424,0.23328299219176762,0,rpoB_H526P
Staphylococcus aureus,0.57112,0.8473255261908529,0,rpoB_H526C
Staphylococcus aureus,0.58608,0.7831823943554423,0,rpoB_S522L
Staphylococcus aureus,0.56024,0.7641998435880181,0,rpoB_V146F
Staphylococcus aureus,0.5544,0.7497295347998557,0,rpoB_G522D
Staphylococcus aureus,0.54584,0.7425990422289943,0,rpoB_S522F
Staphylococcus aureus,0.54672,0.7319816201278879,0,rpoB_H526P
Staphylococcus aureus,0.53232,0.7114294878648562,0,rpoB_Q148R
Staphylococcus aureus,0.56856,0.708910002244333,0,rpoB_S531Y
Staphylococcus aureus,0.5436799999999999,0.6934929759515629,0,rpoB_I572L
Staphylococcus aureus,0.52296,0.6912583715192104,0,rpoB_S531C
Staphylococcus epidermidis,0.48312,0.6533357374684456,0,rpoB_G522D
Staphylococcus epidermidis,0.41032,0.6087592973571768,0,rpoB_H526C
Staphylococcus epidermidis,0.4392,0.6072740144241405,0,rpoB_L533S
Staphylococcus epidermidis,0.48176,0.5983279633230665,0,rpoB_S531L
Staphylococcus epidermidis,0.43192,0.5782804751346894,0,rpoB_H526P
Staphylococcus epidermidis,0.37888,0.5062997296843262,0,rpoB_S522L
Staphylococcus epidermidis,0.34256000000000003,0.4660426643447976,0,rpoB_S522F
Staphylococcus epidermidis,0.33472,0.4565774875870724,0,rpoB_V146F
Staphylococcus epidermidis,0.33592,0.4440253789213959,0,rpoB_S531C
Staphylococcus epidermidis,0.3312,0.42257441912255955,0,rpoB_H526D
Streptococcus pneumoniae,0.41088,0.6095901250197816,0,rpoB_H526C
Streptococcus pneumoniae,0.42568,0.588580151320738,0,rpoB_L533S
Streptococcus pneumoniae,0.40040000000000003,0.5414713306887847,0,rpoB_G522D
Streptococcus pneumoniae,0.35232,0.4923558511976299,0,rpoB_S531W
Streptococcus pneumoniae,0.24376,0.3325027735845625,0,rpoB_V146F
Streptococcus pneumoniae,0.23592,0.31586388612191124,0,rpoB_H526P
Streptococcus pneumoniae,0.22608,0.30757509795385285,0,rpoB_S522F
Streptococcus pneumoniae,0.21848,0.2998660429980016,0,rpoB_R529S
Streptococcus pneumoniae,0.22328,0.29840692825831283,0,rpoB_Q148R
Streptococcus pneumoniae,0.1888,0.252294628812291,0,rpoB_S522L
Streptomyces coelicolor,0.44256,0.5984853948791922,0,rpoB_G522D
Streptomyces coelicolor,0.40704,0.5628069554444494,0,rpoB_L533S
Streptomyces coelicolor,0.36744,0.5451416363348631,0,rpoB_H526C
Streptomyces coelicolor,0.35896,0.50163503731239,0,rpoB_S531W
Streptomyces coelicolor,0.26944,0.3675317825509703,0,rpoB_V146F
Streptomyces coelicolor,0.23496,0.31457858037980785,0,rpoB_H526P
Streptomyces coelicolor,0.22776,0.31260293826997826,0,rpoB_R529S
Streptomyces coelicolor,0.22536,0.3065955594253374,0,rpoB_S522F
Streptomyces coelicolor,0.22168,0.2962685769271891,0,rpoB_Q148R
Streptomyces coelicolor,0.19224,0.2568915224728539,0,rpoB_S522L
Streptomyces lividans,0.54264,0.733826181031374,0,rpoB_G522D
Streptomyces lividans,0.46832,0.6544621146482574,0,rpoB_S531W
Streptomyces lividans,0.44856,0.620215919649573,0,rpoB_L533S
Streptomyces lividans,0.44848,0.6101436656508489,0,rpoB_S522F
Streptomyces lividans,0.4704,0.5842192667452061,0,rpoB_S531L
Streptomyces lividans,0.44704,0.5702234769890132,0,rpoB_I572L
Streptomyces lividans,0.38792,0.5324241825328854,0,rpoB_R529S
Streptomyces lividans,0.39744,0.531166470651128,0,rpoB_Q148R
Streptomyces lividans,0.4132,0.5245571985700358,0,rpoB_I572M
Streptomyces lividans,0.39608,0.5156471832877447,0,rpoB_Q513K
Stutzerimonas stutzeri,0.74944,0.8572474377745242,0,rpoB_S512F
Stutzerimonas stutzeri,0.69968,0.8277829608296489,0,rpoB_S574F
Stutzerimonas stutzeri,0.58048,0.7757938629316796,0,rpoB_Q148R
Stutzerimonas stutzeri,0.59176,0.7399811928532842,0,rpoB_D516A
Stutzerimonas stutzeri,0.53296,0.7250761863299956,0,rpoB_S522F
Stutzerimonas stutzeri,0.5703199999999999,0.7240209619759506,0,rpoB_I572M
Stutzerimonas stutzeri,0.60024,0.6994662875521477,0,rpoB_I572S
Stutzerimonas stutzeri,0.55864,0.6967902877099618,0,rpoB_N518D
Stutzerimonas stutzeri,0.46624,0.6917233739515746,0,rpoB_H526C
Stutzerimonas stutzeri,0.55576,0.6822899047328045,0,rpoB_H526N
Vibrio parahaemolyticus,0.3928,0.5827662604842538,0,rpoB_H526C
Vibrio parahaemolyticus,0.42776,0.5784709700685178,0,rpoB_G522D
Vibrio parahaemolyticus,0.41448,0.5730941108800496,0,rpoB_L533S
Vibrio parahaemolyticus,0.34952,0.48844294139020095,0,rpoB_S531W
Vibrio parahaemolyticus,0.28136,0.38379135369114087,0,rpoB_V146F
Vibrio parahaemolyticus,0.28144,0.37680880005998096,0,rpoB_H526P
Vibrio parahaemolyticus,0.28176,0.37651766215122406,0,rpoB_S522L
Vibrio parahaemolyticus,0.27496,0.36747567625360844,0,rpoB_Q148R
Vibrio parahaemolyticus,0.26152,0.3557901610796691,0,rpoB_S522F
Vibrio parahaemolyticus,0.2276,0.31238333662735795,0,rpoB_R529S
Vibrio vulnificus,0.43704,0.5910205553552109,0,rpoB_G522D
Vibrio vulnificus,0.37144,0.5510761196391835,0,rpoB_H526C
Vibrio vulnificus,0.3912,0.5466893988093574,0,rpoB_S531W
Vibrio vulnificus,0.39064,0.5401309676562984,0,rpoB_L533S
Vibrio vulnificus,0.308,0.4190248149760557,0,rpoB_S522F
Vibrio vulnificus,0.27328,0.3727697652001528,0,rpoB_V146F
Vibrio vulnificus,0.25968,0.3470544210413771,0,rpoB_Q148R
Vibrio vulnificus,0.25216,0.3333098343320409,0,rpoB_S531C
Vibrio vulnificus,0.24472,0.32764585542452573,0,rpoB_H526P
Vibrio vulnificus,0.2308,0.3167753694797637,0,rpoB_R529S
