Species,p_obs,p_true,Observed,Mutation
Escherichia coli,0.88168,1,0,rpoB_L511P
Pseudomonas aeruginosa,0.75096,1,0,rpoB_S522L
Salmonella enterica,0.73416,0.9811825082861114,0,rpoB_Q148R
Salmonella enterica,0.7612,0.9709513929045206,0,rpoB_I572L
Escherichia coli,0.75176,0.9400572217442629,0,rpoB_D516A
Pseudomonas aeruginosa,0.72704,0.9229769255768606,0,rpoB_I572M
Salmonella enterica,0.6984,0.9161506978696611,0,rpoB_D516E
Escherichia coli,0.77024,0.9112616449654539,0,rpoB_S574F
Escherichia coli,0.67888,0.9073024697957874,0,rpoB_Q148R
Pseudomonas putida,0.672,0.8979978313657815,0,rpoB_S522L
Pseudomonas putida,0.72768,0.8934581887237246,0,rpoB_L533H
Escherichia coli,0.70352,0.8931182970425741,0,rpoB_I572M
Deinococcus radiodurans,0.7868,0.8927562835357244,0,rpoB_S512P
Pseudomonas aeruginosa,0.7608,0.8815186963534233,0,rpoB_Q513P
Escherichia coli,0.67128,0.880575086577815,0,rpoB_D516E
Pseudomonas aeruginosa,0.75848,0.8800238679307831,0,rpoB_I572F
Escherichia coli,0.71432,0.8770545478357671,0,rpoB_L533H
Escherichia coli,0.65752,0.8691223123017272,0,rpoB_S531C
Pseudomonas aeruginosa,0.69424,0.8656143238323233,0,rpoB_S531Y
Deinococcus radiodurans,0.75296,0.8612737920937041,0,rpoB_S512F
Escherichia coli,0.73848,0.860558883165917,0,rpoB_I572S
Escherichia coli,0.6892,0.8596374521869284,0,rpoB_N518D
Stutzerimonas stutzeri,0.74944,0.8572474377745242,0,rpoB_S512F
Escherichia coli,0.63832,0.8529910352937583,0,rpoB_S522L
Salmonella enterica,0.63464,0.8480734281219934,0,rpoB_S522L
Staphylococcus aureus,0.57112,0.8473255261908529,0,rpoB_H526C
Pseudomonas fulva,0.72968,0.846608764834582,0,rpoB_I572F
Bacillus subtilis,0.6224000000000001,0.8416877028489002,0,rpoB_G522D
Pseudomonas putida,0.62744,0.8385544745001604,0,rpoB_Q148R
Mycobacterium tuberculosis,0.61928,0.8374684457266498,0,rpoB_G522D
Deinococcus radiodurans,0.62488,0.8350310786664427,0,rpoB_S522L
Escherichia coli,0.68064,0.8319968707216898,0,rpoB_S509P
Deinococcus radiodurans,0.62168,0.830856409708115,0,rpoB_Q148R
Escherichia coli,0.55936,0.8298781452761512,0,rpoB_H526C
Pseudomonas putida,0.66408,0.8283053384333944,0,rpoB_N518D
Stutzerimonas stutzeri,0.69968,0.8277829608296489,0,rpoB_S574F
Enterococcus faecium,0.59048,0.8251767796752285,0,rpoB_S531W
Pseudomonas fulva,0.70872,0.8211749874863278,0,rpoB_Q513P
Deinococcus radiodurans,0.60336,0.8208532868959513,0,rpoB_S522F
Pseudomonas putida,0.70728,0.8206192402042035,0,rpoB_I572F
Pseudomonas putida,0.64328,0.8205381135412769,0,rpoB_I572L
Deinococcus radiodurans,0.63528,0.8188416143156291,0,rpoB_R529H
Pseudomonas fulva,0.62128,0.8149858327211671,0,rpoB_D516E
Pseudomonas fulva,0.60856,0.8133219287929007,0,rpoB_Q148R
Acinetobacter baylyi,0.59976,0.8110710421925711,0,rpoB_G522D
Pseudomonas aeruginosa,0.67224,0.810917746968186,0,rpoB_G534D
Pseudomonas mendocina,0.7136,0.8096986323476016,0,rpoB_S512P
Enterococcus faecalis,0.57768,0.8072891919841247,0,rpoB_S531W
Pseudomonas putida,0.62464,0.8051272288850815,0,rpoB_R529H
Pseudomonas fulva,0.64464,0.8037704795391636,0,rpoB_S531Y
Acinetobacter baylyi,0.5984,0.7996456879304816,0,rpoB_S522L
Enterococcus faecalis,0.57512,0.7952081766293526,0,rpoB_L533S
Pseudomonas aeruginosa,0.63632,0.7951415789868294,0,rpoB_R529C
Pseudomonas aeruginosa,0.64592,0.793071835505206,0,rpoB_L533H
Pseudomonas aeruginosa,0.5996,0.7925625660909412,0,rpoB_S531C
Enterococcus faecium,0.5724,0.791447281093757,0,rpoB_L533S
Bacillus subtilis,0.56496,0.7895134017160905,0,rpoB_S531W
Staphylococcus aureus,0.58608,0.7831823943554423,0,rpoB_S522L
Pseudomonas fulva,0.626,0.7827974630359537,0,rpoB_D516A
Deinococcus radiodurans,0.59424,0.7795151642354916,0,rpoB_D516E
Pseudomonas putida,0.66664,0.7768429393805206,0,rpoB_I572S
Escherichia coli,0.55552,0.7763213057939015,0,rpoB_S531W
Stutzerimonas stutzeri,0.58048,0.7757938629316796,0,rpoB_Q148R
Escherichia coli,0.55944,0.7735277200123889,0,rpoB_L533S
Deinococcus radiodurans,0.61728,0.7713493114737712,0,rpoB_R529C
Pseudomonas fulva,0.62696,0.7697924169995416,0,rpoB_L533H
Pseudomonas protegens,0.5728,0.7654362467355946,0,rpoB_S522L
Staphylococcus aureus,0.56024,0.7641998435880181,0,rpoB_V146F
Brucella melitensis,0.56296,0.7613054453660295,0,rpoB_G522D
Riemerella anatipestifer,0.54464,0.7611168562564633,0,rpoB_S531W
Deinococcus radiodurans,0.65688,0.7611093602269147,0,rpoB_Q513P
Riemerella anatipestifer,0.51224,0.7599699319512582,0,rpoB_H526C
Mycolicibacterium smegmatis,0.54784,0.7574886066988187,0,rpoB_L533S
Deinococcus radiodurans,0.55144,0.7568570612908185,0,rpoB_R529S
Pseudomonas aeruginosa,0.55024,0.7552100489711662,0,rpoB_R529S
Riemerella anatipestifer,0.55768,0.7541651640822213,0,rpoB_G522D
Deinococcus radiodurans,0.56504,0.7532581106157882,0,rpoB_S574Y
Acinetobacter baylyi,0.50768,0.753204620984333,0,rpoB_H526C
Pseudomonas putida,0.61656,0.7523673163906154,0,rpoB_H526Q
Staphylococcus aureus,0.5544,0.7497295347998557,0,rpoB_G522D
Pseudomonas fluorescens,0.55744,0.7450016037634984,0,rpoB_Q148R
Pseudomonas fulva,0.61024,0.7446552341284046,0,rpoB_H526Q
Deinococcus radiodurans,0.58344,0.7444046470195234,0,rpoB_H526D
Pseudomonas fluorescens,0.59448,0.743382485344431,0,rpoB_D516A
Pseudomonas putida,0.5576,0.7433398033402299,0,rpoB_S574Y
Pseudomonas aeruginosa,0.60768,0.7427942794279427,0,rpoB_Q148L
Staphylococcus aureus,0.54584,0.7425990422289943,0,rpoB_S522F
Pseudomonas fulva,0.59424,0.7411940794944287,0,rpoB_N518D
Stutzerimonas stutzeri,0.59176,0.7399811928532842,0,rpoB_D516A
Pseudomonas putida,0.57992,0.7362081572960676,0,rpoB_I572M
Deinococcus radiodurans,0.5268,0.7361860309119875,0,rpoB_S531W
Pseudomonas mendocina,0.62112,0.7348395732770859,0,rpoB_S574F
Streptomyces lividans,0.54264,0.733826181031374,0,rpoB_G522D
Helicobacter pylori,0.49424,0.7332647570818168,0,rpoB_H526C
Deinococcus radiodurans,0.53688,0.7323354491388248,0,rpoB_V146F
Staphylococcus aureus,0.54672,0.7319816201278879,0,rpoB_H526P
Pseudomonas aeruginosa,0.49288,0.7312470327583478,0,rpoB_H526C
Mycobacterium tuberculosis,0.49264,0.7308909637600887,0,rpoB_H526C
Deinococcus radiodurans,0.5976,0.7304730473047305,0,rpoB_Q148L
Escherichia coli,0.54016,0.7304724125495852,0,rpoB_G522D
Acinetobacter baylyi,0.57184,0.7296043352386609,0,rpoB_H526D
Pseudomonas fulva,0.53592,0.7291031780583369,0,rpoB_S522F
Bacillus velezensis,0.5272,0.7289500464581213,0,rpoB_L533S
Acinetobacter baylyi,0.58392,0.7280616443480212,0,rpoB_S531Y
Pseudomonas fulva,0.48992,0.7268555151131508,0,rpoB_H526C
Chlamydia trachomatis,0.53696,0.7261449693472772,0,rpoB_G522D
Helicobacter pylori,0.5244,0.7250785363479492,0,rpoB_L533S
Stutzerimonas stutzeri,0.53296,0.7250761863299956,0,rpoB_S522F
Stutzerimonas stutzeri,0.5703199999999999,0.7240209619759506,0,rpoB_I572M
Acinetobacter baylyi,0.54024,0.7220143269539185,0,rpoB_Q148R
Deinococcus radiodurans,0.61008,0.72177828256196,0,rpoB_S574F
Deinococcus radiodurans,0.5876,0.7214655228865169,0,rpoB_L533H
Pseudomonas aeruginosa,0.53264,0.7203029210241615,0,rpoB_G522D
Helicobacter pylori,0.53096,0.7180310133429498,0,rpoB_G522D
Bacillus anthracis,0.51824,0.7165612141055706,0,rpoB_L533S
Bacillus velezensis,0.52968,0.7163000360620267,0,rpoB_G522D
Mycobacterium tuberculosis,0.5164,0.7140170788903145,0,rpoB_L533S
Pseudomonas mendocina,0.51536,0.7125790894208222,0,rpoB_L533S
Salmonella enterica,0.51488,0.711915401973364,0,rpoB_L533S
Pseudomonas mendocina,0.47976,0.7117819275201773,0,rpoB_H526C
Staphylococcus aureus,0.53232,0.7114294878648562,0,rpoB_Q148R
Staphylococcus aureus,0.56856,0.708910002244333,0,rpoB_S531Y
Riemerella anatipestifer,0.5121600000000001,0.7081545064377683,0,rpoB_L533S
Bacillus anthracis,0.52312,0.7074287774972954,0,rpoB_G522D
Pseudomonas fluorescens,0.54568,0.7050285351465888,0,rpoB_D516Y
Pseudomonas mendocina,0.56528,0.7048203286701079,0,rpoB_S531Y
Pseudomonas aeruginosa,0.5764,0.7045765695286524,0,rpoB_S509P
Pseudomonas putida,0.51616,0.7040721677609442,0,rpoB_V146F
Mycolicibacterium smegmatis,0.51968,0.7027767760548143,0,rpoB_G522D
Helicobacter pylori,0.54944,0.7010244228342365,0,rpoB_H526D
Chlamydia trachomatis,0.50696,0.70096455909030575,0,rpoB_L533S
Pseudomonas putida,0.56616,0.7005063387520463,0,rpoB_D516V
Enterococcus faecium,0.47208,0.7003877195758823,0,rpoB_H526C
Pseudomonas fluorescens,0.60912,0.7003069706480874,0,rpoB_L511P
